completed on ?arg2 	SELECT ?x ?y { ?x <http://dbpedia.org/ontology/completionDate> ?y }
maximum altitude 	SELECT ?x ?y { ?x <http://dbpedia.org/ontology/maximumElevation> ?y }
?arg1 rise to ?arg2 	SELECT ?x ?y { ?x <http://dbpedia.org/ontology/maximumElevation> ?y }
gross 	SELECT ?x ?y { ?x <http://dbpedia.org/ontology/gross> ?y }
?arg1 make ?arg2 	SELECT ?x ?y { ?x <http://dbpedia.org/ontology/gross> ?y }
?arg1 take in ?arg2 	SELECT ?x ?y { ?x <http://dbpedia.org/ontology/gross> ?y }
?arg1 take over ?arg2 	SELECT ?x ?y { ?x <http://dbpedia.org/ontology/gross> ?y }
laid down on ?arg2 	SELECT ?x ?y { ?x <http://dbpedia.org/ontology/layingDown> ?y }
absolute magnitude 	SELECT ?x ?y { ?x <http://dbpedia.org/ontology/absoluteMagnitude> ?y }
released on ?arg2 	SELECT ?x ?y { ?x <http://dbpedia.org/ontology/releaseDate> ?y }
release date 	SELECT ?x ?y { ?x <http://dbpedia.org/ontology/releaseDate> ?y }
?arg1 come out on ?arg2 	SELECT ?x ?y { ?x <http://dbpedia.org/ontology/releaseDate> ?y }
boiling point 	SELECT ?x ?y { ?x <http://dbpedia.org/ontology/boilingPoint> ?y }
?arg1 boil at ?arg2 	SELECT ?x ?y { ?x <http://dbpedia.org/ontology/boilingPoint> ?y }
slogan 	SELECT ?x ?y { ?x <http://dbpedia.org/ontology/slogan> ?y }
land area 	SELECT ?x ?y { ?x <http://dbpedia.org/ontology/areaLand> ?y }
birth name 	SELECT ?x ?y { ?x <http://dbpedia.org/ontology/birthName> ?y }
born in ?arg2 	SELECT ?x ?y { ?x <http://dbpedia.org/ontology/birthYear> ?y }
station code 	SELECT ?x ?y { ?x <http://dbpedia.org/ontology/agencyStationCode> ?y }
frequency 	SELECT ?x ?y { ?x <http://dbpedia.org/ontology/frequency> ?y }
?arg1 broadcast on ?arg2 	SELECT ?x ?y { ?x <http://dbpedia.org/ontology/frequency> ?y }
facility ID 	SELECT ?x ?y { ?x <http://dbpedia.org/ontology/facilityId> ?y }
recorded on ?arg2 	SELECT ?x ?y { ?x <http://dbpedia.org/ontology/recordDate> ?y }
record date 	SELECT ?x ?y { ?x <http://dbpedia.org/ontology/recordDate> ?y }
length 	SELECT ?x ?y { ?x <http://dbpedia.org/ontology/length> ?y }
long 	SELECT ?x ?y { ?x <http://dbpedia.org/ontology/length> ?y }
long 	SELECT ?x ?y { ?x <http://dbpedia.org/ontology/length> ?y }
revenue 	SELECT ?x ?y { ?x <http://dbpedia.org/ontology/revenue> ?y }
LC classification 	SELECT ?x ?y { ?x <http://dbpedia.org/ontology/lcc> ?y }
UTC offset 	SELECT ?x ?y { ?x <http://dbpedia.org/ontology/utcOffset> ?y }
time zone offset 	SELECT ?x ?y { ?x <http://dbpedia.org/ontology/utcOffset> ?y }
top speed 	SELECT ?x ?y { ?x <http://dbpedia.org/ontology/topSpeed> ?y }
B-side 	SELECT ?x ?y { ?x <http://dbpedia.org/ontology/bSide> ?y }
opened in ?arg2 	SELECT ?x ?y { ?x <http://dbpedia.org/ontology/dateUse> ?y }
postal code 	SELECT ?x ?y { ?x <http://dbpedia.org/ontology/postalCode> ?y }
post code 	SELECT ?x ?y { ?x <http://dbpedia.org/ontology/postalCode> ?y }
known as ?arg2 	SELECT ?x ?y { ?x <http://dbpedia.org/ontology/title> ?y }
beam 	SELECT ?x ?y { ?x <http://dbpedia.org/ontology/shipBeam> ?y }
population 	SELECT ?x ?y { ?x <http://dbpedia.org/ontology/populationMetro> ?y }
metropolitan population 	SELECT ?x ?y { ?x <http://dbpedia.org/ontology/populationMetro> ?y }
shirt number 	SELECT ?x ?y { ?x <http://dbpedia.org/ontology/number> ?y }
squad number 	SELECT ?x ?y { ?x <http://dbpedia.org/ontology/number> ?y }
area 	SELECT ?x ?y { ?x <http://dbpedia.org/ontology/areaMetro> ?y }
?arg1 die on ?arg2 	SELECT ?x ?y { ?x <http://dbpedia.org/ontology/deathDate> ?y }
death date 	SELECT ?x ?y { ?x <http://dbpedia.org/ontology/deathDate> ?y }
completed on ?arg2 	SELECT ?x ?y { ?x <http://dbpedia.org/ontology/dateCompleted> ?y }
grid reference 	SELECT ?x ?y { ?x <http://dbpedia.org/ontology/gridReference> ?y }
formed in ?arg2 	SELECT ?x ?y { ?x <http://dbpedia.org/ontology/formationYear> ?y }
established in ?arg2 	SELECT ?x ?y { ?x <http://dbpedia.org/ontology/formationYear> ?y }
formation year 	SELECT ?x ?y { ?x <http://dbpedia.org/ontology/formationYear> ?y }
area 	SELECT ?x ?y { ?x <http://dbpedia.org/ontology/area> ?y }
alias 	SELECT ?x ?y { ?x <http://dbpedia.org/ontology/alias> ?y }
?arg1 call ?arg2 	SELECT ?x ?y { ?x <http://dbpedia.org/ontology/alias> ?y }
population density 	SELECT ?x ?y { ?x <http://dbpedia.org/ontology/populationDensity> ?y }
conservation status 	SELECT ?x ?y { ?x <http://dbpedia.org/ontology/conservationStatus> ?y }
active until ?arg2 	SELECT ?x ?y { ?x <http://dbpedia.org/ontology/activeYearsEndDate> ?y }
OCLC number 	SELECT ?x ?y { ?x <http://dbpedia.org/ontology/oclc> ?y }
draft 	SELECT ?x ?y { ?x <http://dbpedia.org/ontology/shipDraft> ?y }
shirt number 	SELECT ?x ?y { ?x <http://dbpedia.org/ontology/squadNumber> ?y }
squad number 	SELECT ?x ?y { ?x <http://dbpedia.org/ontology/squadNumber> ?y }
apoapsis 	SELECT ?x ?y { ?x <http://dbpedia.org/ontology/apoapsis> ?y }
position 	SELECT ?x ?y { ?x <http://dbpedia.org/ontology/position> ?y }
formed on ?arg2 	SELECT ?x ?y { ?x <http://dbpedia.org/ontology/formationDate> ?y }
established on ?arg2 	SELECT ?x ?y { ?x <http://dbpedia.org/ontology/formationDate> ?y }
formation date 	SELECT ?x ?y { ?x <http://dbpedia.org/ontology/formationDate> ?y }
review 	SELECT ?x ?y { ?x <http://dbpedia.org/ontology/review> ?y }
reviewed at ?arg2 	SELECT ?x ?y { ?x <http://dbpedia.org/ontology/review> ?y }
elevation 	SELECT ?x ?y { ?x <http://dbpedia.org/ontology/elevation> ?y }
height 	SELECT ?x ?y { ?x <http://dbpedia.org/ontology/elevation> ?y }
high 	SELECT ?x ?y { ?x <http://dbpedia.org/ontology/elevation> ?y }
high 	SELECT ?x ?y { ?x <http://dbpedia.org/ontology/elevation> ?y }
?arg1 rise to ?arg2 	SELECT ?x ?y { ?x <http://dbpedia.org/ontology/elevation> ?y }
tall 	SELECT ?x ?y { ?x <http://dbpedia.org/ontology/elevation> ?y }
tall 	SELECT ?x ?y { ?x <http://dbpedia.org/ontology/elevation> ?y }
altitude 	SELECT ?x ?y { ?x <http://dbpedia.org/ontology/elevation> ?y }
?arg1 stand at ?arg2 	SELECT ?x ?y { ?x <http://dbpedia.org/ontology/elevation> ?y }
opened in ?arg2 	SELECT ?x ?y { ?x <http://dbpedia.org/ontology/openingYear> ?y }
water area 	SELECT ?x ?y { ?x <http://dbpedia.org/ontology/areaWater> ?y }
population 	SELECT ?x ?y { ?x <http://dbpedia.org/ontology/totalPopulation> ?y }
total population 	SELECT ?x ?y { ?x <http://dbpedia.org/ontology/totalPopulation> ?y }
opened on ?arg2 	SELECT ?x ?y { ?x <http://dbpedia.org/ontology/openingDate> ?y }
?arg1 die in ?arg2 	SELECT ?x ?y { ?x <http://dbpedia.org/ontology/deathYear> ?y }
motto 	SELECT ?x ?y { ?x <http://dbpedia.org/ontology/motto> ?y }
official color 	SELECT ?x ?y { ?x <http://dbpedia.org/ontology/officialSchoolColour> ?y }
requirement of ?arg1 	SELECT ?x ?y { ?x <http://dbpedia.org/ontology/requirement> ?y }
?arg2 require ?arg1 	SELECT ?x ?y { ?x <http://dbpedia.org/ontology/requirement> ?y }
part of ?arg2 	SELECT ?x ?y { ?x <http://dbpedia.org/ontology/range> ?y }
located in ?arg2 	SELECT ?x ?y { ?x <http://dbpedia.org/ontology/range> ?y }
depth 	SELECT ?x ?y { ?x <http://dbpedia.org/ontology/depth> ?y }
deep 	SELECT ?x ?y { ?x <http://dbpedia.org/ontology/depth> ?y }
deep 	SELECT ?x ?y { ?x <http://dbpedia.org/ontology/depth> ?y }
population 	SELECT ?x ?y { ?x <http://dbpedia.org/ontology/populationTotal> ?y }
total population 	SELECT ?x ?y { ?x <http://dbpedia.org/ontology/populationTotal> ?y }
budget 	SELECT ?x ?y { ?x <http://dbpedia.org/ontology/budget> ?y }
IUPAC name 	SELECT ?x ?y { ?x <http://dbpedia.org/ontology/iupacName> ?y }
Dewey classification 	SELECT ?x ?y { ?x <http://dbpedia.org/ontology/dcc> ?y }
density 	SELECT ?x ?y { ?x <http://dbpedia.org/ontology/density> ?y }
area 	SELECT ?x ?y { ?x <http://dbpedia.org/ontology/areaTotal> ?y }
total area 	SELECT ?x ?y { ?x <http://dbpedia.org/ontology/areaTotal> ?y }
?arg1 employ ?arg2 	SELECT ?x ?y { ?x <http://dbpedia.org/ontology/facultySize> ?y }
faculty size 	SELECT ?x ?y { ?x <http://dbpedia.org/ontology/facultySize> ?y }
?arg1 accommodate ?arg2 	SELECT ?x ?y { ?x <http://dbpedia.org/ontology/capacity> ?y }
capacity 	SELECT ?x ?y { ?x <http://dbpedia.org/ontology/capacity> ?y }
reference number 	SELECT ?x ?y { ?x <http://dbpedia.org/ontology/nrhpReferenceNumber> ?y }
National Register reference number 	SELECT ?x ?y { ?x <http://dbpedia.org/ontology/nrhpReferenceNumber> ?y }
NRHP reference number 	SELECT ?x ?y { ?x <http://dbpedia.org/ontology/nrhpReferenceNumber> ?y }
birth date 	SELECT ?x ?y { ?x <http://dbpedia.org/ontology/birthDate> ?y }
born on ?arg2 	SELECT ?x ?y { ?x <http://dbpedia.org/ontology/birthDate> ?y }
date of birth 	SELECT ?x ?y { ?x <http://dbpedia.org/ontology/birthDate> ?y }
orbital period 	SELECT ?x ?y { ?x <http://dbpedia.org/ontology/orbitalPeriod> ?y }
active since ?arg2 	SELECT ?x ?y { ?x <http://dbpedia.org/ontology/activeYearsStartYear> ?y }
former name 	SELECT ?x ?y { ?x <http://dbpedia.org/ontology/formerName> ?y }
active since ?arg2 	SELECT ?x ?y { ?x <http://dbpedia.org/ontology/activeYearsStartDate> ?y }
epoch 	SELECT ?x ?y { ?x <http://dbpedia.org/ontology/epoch> ?y }
active until ?arg2 	SELECT ?x ?y { ?x <http://dbpedia.org/ontology/activeYearsEndYear> ?y }
ICAO identifier 	SELECT ?x ?y { ?x <http://dbpedia.org/ontology/icaoLocationIdentifier> ?y }
ICAO code 	SELECT ?x ?y { ?x <http://dbpedia.org/ontology/icaoLocationIdentifier> ?y }
location indicator 	SELECT ?x ?y { ?x <http://dbpedia.org/ontology/icaoLocationIdentifier> ?y }
urban area 	SELECT ?x ?y { ?x <http://dbpedia.org/ontology/areaUrban> ?y }
area 	SELECT ?x ?y { ?x <http://dbpedia.org/ontology/areaUrban> ?y }
constructed in ?arg2 	SELECT ?x ?y { ?x <http://dbpedia.org/ontology/yearOfConstruction> ?y }
minimum altitude 	SELECT ?x ?y { ?x <http://dbpedia.org/ontology/minimumElevation> ?y }
result of ?arg1 	SELECT ?x ?y { ?x <http://dbpedia.org/ontology/result> ?y }
launched on ?arg2 	SELECT ?x ?y { ?x <http://dbpedia.org/ontology/launchDate> ?y }
casualties 	SELECT ?x ?y { ?x <http://dbpedia.org/ontology/causalties> ?y }
?arg1 take place on ?arg2 	SELECT ?x ?y { ?x <http://dbpedia.org/ontology/date> ?y }
commissioned on ?arg2 	SELECT ?x ?y { ?x <http://dbpedia.org/ontology/commissioningDate> ?y }
?arg1 stand for ?arg2 	SELECT ?x ?y { ?x <http://dbpedia.org/ontology/callsignMeaning> ?y }
?arg1 mean ?arg2 	SELECT ?x ?y { ?x <http://dbpedia.org/ontology/callsignMeaning> ?y }
latest version 	SELECT ?x ?y { ?x <http://dbpedia.org/ontology/latestReleaseVersion> ?y }
current release 	SELECT ?x ?y { ?x <http://dbpedia.org/ontology/latestReleaseVersion> ?y }
?arg1 sublime at ?arg2 	SELECT ?x ?y { ?x <http://dbpedia.org/ontology/sublimationPoint> ?y }
sublimation point 	SELECT ?x ?y { ?x <http://dbpedia.org/ontology/sublimationPoint> ?y }
population density 	SELECT ?x ?y { ?x <http://dbpedia.org/ontology/populationMetroDensity> ?y }
?arg1 call ?arg2 	SELECT ?x ?y { ?x <http://dbpedia.org/ontology/commonName> ?y }
common name 	SELECT ?x ?y { ?x <http://dbpedia.org/ontology/commonName> ?y }
enrollment of ?arg1 	SELECT ?x ?y { ?x <http://dbpedia.org/ontology/numberOfStudents> ?y }
?arg1 serve ?arg2 	SELECT ?x ?y { ?x <http://dbpedia.org/ontology/numberOfStudents> ?y }
student population 	SELECT ?x ?y { ?x <http://dbpedia.org/ontology/numberOfStudents> ?y }
pseudonym 	SELECT ?x ?y { ?x <http://dbpedia.org/ontology/pseudonym> ?y }
?arg1 call ?arg2 	SELECT ?x ?y { ?x <http://dbpedia.org/ontology/pseudonym> ?y }
wide 	SELECT ?x ?y { ?x <http://dbpedia.org/ontology/width> ?y }
wide 	SELECT ?x ?y { ?x <http://dbpedia.org/ontology/width> ?y }
width 	SELECT ?x ?y { ?x <http://dbpedia.org/ontology/width> ?y }
ISSN 	SELECT ?x ?y { ?x <http://dbpedia.org/ontology/issn> ?y }
displacement 	SELECT ?x ?y { ?x <http://dbpedia.org/ontology/displacement> ?y }
engine displacement 	SELECT ?x ?y { ?x <http://dbpedia.org/ontology/displacement> ?y }
color 	SELECT ?x ?y { ?x <http://dbpedia.org/ontology/colourName> ?y }
founded on ?arg2 	SELECT ?x ?y { ?x <http://dbpedia.org/ontology/foundingDate> ?y }
established on ?arg2 	SELECT ?x ?y { ?x <http://dbpedia.org/ontology/foundingDate> ?y }
founding date 	SELECT ?x ?y { ?x <http://dbpedia.org/ontology/foundingDate> ?y }
mean temperature on ?arg1 	SELECT ?x ?y { ?x <http://dbpedia.org/ontology/meanTemperature> ?y }
decommissioned on ?arg2 	SELECT ?x ?y { ?x <http://dbpedia.org/ontology/decommissioningDate> ?y }
area code 	SELECT ?x ?y { ?x <http://dbpedia.org/ontology/areaCode> ?y }
?arg1 weigh ?arg2 	SELECT ?x ?y { ?x <http://dbpedia.org/ontology/weight> ?y }
weight 	SELECT ?x ?y { ?x <http://dbpedia.org/ontology/weight> ?y }
launched on ?arg2 	SELECT ?x ?y { ?x <http://dbpedia.org/ontology/shipLaunch> ?y }
abbreviated as ?arg2 	SELECT ?x ?y { ?x <http://dbpedia.org/ontology/abbreviation> ?y }
?arg2 abbreviate ?arg1 	SELECT ?x ?y { ?x <http://dbpedia.org/ontology/abbreviation> ?y }
abbreviation 	SELECT ?x ?y { ?x <http://dbpedia.org/ontology/abbreviation> ?y }
mascot 	SELECT ?x ?y { ?x <http://dbpedia.org/ontology/mascot> ?y }
IATA code 	SELECT ?x ?y { ?x <http://dbpedia.org/ontology/iataLocationIdentifier> ?y }
IATA identifier 	SELECT ?x ?y { ?x <http://dbpedia.org/ontology/iataLocationIdentifier> ?y }
IATA location identifier 	SELECT ?x ?y { ?x <http://dbpedia.org/ontology/iataLocationIdentifier> ?y }
average speed 	SELECT ?x ?y { ?x <http://dbpedia.org/ontology/averageSpeed> ?y }
status 	SELECT ?x ?y { ?x <http://dbpedia.org/ontology/status> ?y }
population density 	SELECT ?x ?y { ?x <http://dbpedia.org/ontology/populationUrbanDensity> ?y }
periapsis 	SELECT ?x ?y { ?x <http://dbpedia.org/ontology/periapsis> ?y }
population 	SELECT ?x ?y { ?x <http://dbpedia.org/ontology/populationUrban> ?y }
urban population 	SELECT ?x ?y { ?x <http://dbpedia.org/ontology/populationUrban> ?y }
runtime 	SELECT ?x ?y { ?x <http://dbpedia.org/ontology/runtime> ?y }
long 	SELECT ?x ?y { ?x <http://dbpedia.org/ontology/runtime> ?y }
long 	SELECT ?x ?y { ?x <http://dbpedia.org/ontology/runtime> ?y }
ISBN 	SELECT ?x ?y { ?x <http://dbpedia.org/ontology/isbn> ?y }
melting point 	SELECT ?x ?y { ?x <http://dbpedia.org/ontology/meltingPoint> ?y }
?arg1 melt at ?arg2 	SELECT ?x ?y { ?x <http://dbpedia.org/ontology/meltingPoint> ?y }
synonym 	SELECT ?x ?y { ?x <http://dbpedia.org/ontology/synonym> ?y }
seating capacity 	SELECT ?x ?y { ?x <http://dbpedia.org/ontology/seatingCapacity> ?y }
capacity 	SELECT ?x ?y { ?x <http://dbpedia.org/ontology/seatingCapacity> ?y }
high 	SELECT ?x ?y { ?x <http://dbpedia.org/ontology/height> ?y }
high 	SELECT ?x ?y { ?x <http://dbpedia.org/ontology/height> ?y }
tall 	SELECT ?x ?y { ?x <http://dbpedia.org/ontology/height> ?y }
tall 	SELECT ?x ?y { ?x <http://dbpedia.org/ontology/height> ?y }
?arg1 day 	SELECT ?x ?y { ?x <http://dbpedia.org/ontology/day> ?y }
founded in ?arg2 	SELECT ?x ?y { ?x <http://dbpedia.org/ontology/foundingYear> ?y }
established in ?arg2 	SELECT ?x ?y { ?x <http://dbpedia.org/ontology/foundingYear> ?y }
founding year 	SELECT ?x ?y { ?x <http://dbpedia.org/ontology/foundingYear> ?y }
located in ?arg2 	SELECT ?x ?y { ?x <http://dbpedia.org/ontology/address> ?y }
address 	SELECT ?x ?y { ?x <http://dbpedia.org/ontology/address> ?y }
?arg1 command ?arg2 	SELECT ?x ?y { ?x <http://dbpedia.org/ontology/militaryCommand> ?y }
Entrez ID 	SELECT ?x ?y { ?x <http://dbpedia.org/ontology/entrezgene> ?y }
Entrez Gene ID 	SELECT ?x ?y { ?x <http://dbpedia.org/ontology/entrezgene> ?y }
position 	SELECT ?x ?y { ?x <http://dbpedia.org/ontology/office> ?y }
part of ?arg2 	SELECT ?x ?y { ?x <http://dbpedia.org/ontology/isPartOf> ?y }
executive producer 	SELECT ?x ?y { ?x <http://dbpedia.org/ontology/executiveProducer> ?y }
located in ?arg2 	SELECT ?x ?y { ?x <http://dbpedia.org/ontology/locationCountry> ?y }
based in ?arg2 	SELECT ?x ?y { ?x <http://dbpedia.org/ontology/locationCountry> ?y }
prequel 	SELECT ?x ?y { ?x <http://dbpedia.org/ontology/previousWork> ?y }
?arg2 manage ?arg1 	SELECT ?x ?y { ?x <http://dbpedia.org/ontology/manager> ?y }
manager 	SELECT ?x ?y { ?x <http://dbpedia.org/ontology/manager> ?y }
?arg1 belong to ?arg2 	SELECT ?x ?y { ?x <http://dbpedia.org/ontology/division> ?y }
team 	SELECT ?x ?y { ?x <http://dbpedia.org/ontology/team> ?y }
part of ?arg2 	SELECT ?x ?y { ?x <http://dbpedia.org/ontology/commandStructure> ?y }
subordinate to ?arg2 	SELECT ?x ?y { ?x <http://dbpedia.org/ontology/commandStructure> ?y }
presenter 	SELECT ?x ?y { ?x <http://dbpedia.org/ontology/presenter> ?y }
made in ?arg2 	SELECT ?x ?y { ?x <http://dbpedia.org/ontology/origin> ?y }
member 	SELECT ?x ?y { ?x <http://dbpedia.org/ontology/order> ?y }
order 	SELECT ?x ?y { ?x <http://dbpedia.org/ontology/order> ?y }
?arg1 belong to ?arg2 	SELECT ?x ?y { ?x <http://dbpedia.org/ontology/order> ?y }
?arg2 contain ?arg1 	SELECT ?x ?y { ?x <http://dbpedia.org/ontology/order> ?y }
neighboring municipality 	SELECT ?x ?y { ?x <http://dbpedia.org/ontology/neighboringMunicipality> ?y }
highest region 	SELECT ?x ?y { ?x <http://dbpedia.org/ontology/highestRegion> ?y }
written in ?arg2 	SELECT ?x ?y { ?x <http://dbpedia.org/ontology/programmingLanguage> ?y }
programming language 	SELECT ?x ?y { ?x <http://dbpedia.org/ontology/programmingLanguage> ?y }
cinematographer 	SELECT ?x ?y { ?x <http://dbpedia.org/ontology/cinematography> ?y }
?arg1 originate in ?arg2 	SELECT ?x ?y { ?x <http://dbpedia.org/ontology/sourceCountry> ?y }
part of ?arg1 	SELECT ?x ?y { ?x <http://dbpedia.org/ontology/series> ?y }
parent 	SELECT ?x ?y { ?x <http://dbpedia.org/ontology/child> ?y }
child 	SELECT ?x ?y { ?x <http://dbpedia.org/ontology/child> ?y }
?arg1 graduate from ?arg2 	SELECT ?x ?y { ?x <http://dbpedia.org/ontology/almaMater> ?y }
?arg1 study at ?arg2 	SELECT ?x ?y { ?x <http://dbpedia.org/ontology/almaMater> ?y }
Alma Mater 	SELECT ?x ?y { ?x <http://dbpedia.org/ontology/almaMater> ?y }
religion 	SELECT ?x ?y { ?x <http://dbpedia.org/ontology/religion> ?y }
close to ?arg2 	SELECT ?x ?y { ?x <http://dbpedia.org/ontology/nearestCity> ?y }
?arg1 manage ?arg2 	SELECT ?x ?y { ?x <http://dbpedia.org/ontology/managerClub> ?y }
manager 	SELECT ?x ?y { ?x <http://dbpedia.org/ontology/managerClub> ?y }
opening film at ?arg1 	SELECT ?x ?y { ?x <http://dbpedia.org/ontology/openingFilm> ?y }
member 	SELECT ?x ?y { ?x <http://dbpedia.org/ontology/genus> ?y }
?arg1 belong to ?arg2 	SELECT ?x ?y { ?x <http://dbpedia.org/ontology/genus> ?y }
genus 	SELECT ?x ?y { ?x <http://dbpedia.org/ontology/genus> ?y }
genre 	SELECT ?x ?y { ?x <http://dbpedia.org/ontology/literaryGenre> ?y }
?arg2 write ?arg1 	SELECT ?x ?y { ?x <http://dbpedia.org/ontology/composer> ?y }
composer 	SELECT ?x ?y { ?x <http://dbpedia.org/ontology/composer> ?y }
?arg2 compose ?arg1 	SELECT ?x ?y { ?x <http://dbpedia.org/ontology/composer> ?y }
chairman 	SELECT ?x ?y { ?x <http://dbpedia.org/ontology/chairman> ?y }
?arg2 create ?arg1 	SELECT ?x ?y { ?x <http://dbpedia.org/ontology/creator> ?y }
creator 	SELECT ?x ?y { ?x <http://dbpedia.org/ontology/creator> ?y }
similar to ?arg2 	SELECT ?x ?y { ?x <http://dbpedia.org/ontology/similar> ?y }
like 	SELECT ?x ?y { ?x <http://dbpedia.org/ontology/similar> ?y }
born in ?arg2 	SELECT ?x ?y { ?x <http://dbpedia.org/ontology/stateOfOrigin> ?y }
?arg1 come from ?arg2 	SELECT ?x ?y { ?x <http://dbpedia.org/ontology/stateOfOrigin> ?y }
situated in ?arg2 	SELECT ?x ?y { ?x <http://dbpedia.org/ontology/canton> ?y }
located in ?arg2 	SELECT ?x ?y { ?x <http://dbpedia.org/ontology/canton> ?y }
?arg1 originate in ?arg2 	SELECT ?x ?y { ?x <http://dbpedia.org/ontology/source> ?y }
source 	SELECT ?x ?y { ?x <http://dbpedia.org/ontology/source> ?y }
?arg1 serve under ?arg2 	SELECT ?x ?y { ?x <http://dbpedia.org/ontology/president> ?y }
?arg1 play ?arg2 	SELECT ?x ?y { ?x <http://dbpedia.org/ontology/programmeFormat> ?y }
place of birth 	SELECT ?x ?y { ?x <http://dbpedia.org/ontology/birthPlace> ?y }
born in ?arg2 	SELECT ?x ?y { ?x <http://dbpedia.org/ontology/birthPlace> ?y }
birth place 	SELECT ?x ?y { ?x <http://dbpedia.org/ontology/birthPlace> ?y }
?arg2 serve ?arg1 	SELECT ?x ?y { ?x <http://dbpedia.org/ontology/servingRailwayLine> ?y }
sister station 	SELECT ?x ?y { ?x <http://dbpedia.org/ontology/sisterStation> ?y }
sister channel 	SELECT ?x ?y { ?x <http://dbpedia.org/ontology/sisterStation> ?y }
sister network 	SELECT ?x ?y { ?x <http://dbpedia.org/ontology/sisterStation> ?y }
home of ?arg1 	SELECT ?x ?y { ?x <http://dbpedia.org/ontology/ground> ?y }
?arg1 receive ?arg2 	SELECT ?x ?y { ?x <http://dbpedia.org/ontology/award> ?y }
award 	SELECT ?x ?y { ?x <http://dbpedia.org/ontology/award> ?y }
awarded ?arg2 	SELECT ?x ?y { ?x <http://dbpedia.org/ontology/award> ?y }
?arg1 win ?arg2 	SELECT ?x ?y { ?x <http://dbpedia.org/ontology/award> ?y }
?arg2 command during ?arg1 	SELECT ?x ?y { ?x <http://dbpedia.org/ontology/commander> ?y }
commander in ?arg1 	SELECT ?x ?y { ?x <http://dbpedia.org/ontology/commander> ?y }
leader in ?arg1 	SELECT ?x ?y { ?x <http://dbpedia.org/ontology/commander> ?y }
?arg1 take place in ?arg2 	SELECT ?x ?y { ?x <http://dbpedia.org/ontology/place> ?y }
?arg2 preceed ?arg1 	SELECT ?x ?y { ?x <http://dbpedia.org/ontology/predecessor> ?y }
predecessor 	SELECT ?x ?y { ?x <http://dbpedia.org/ontology/predecessor> ?y }
successor 	SELECT ?x ?y { ?x <http://dbpedia.org/ontology/predecessor> ?y }
?arg1 succeed ?arg2 	SELECT ?x ?y { ?x <http://dbpedia.org/ontology/predecessor> ?y }
?arg2 develop ?arg1 	SELECT ?x ?y { ?x <http://dbpedia.org/ontology/developer> ?y }
developer 	SELECT ?x ?y { ?x <http://dbpedia.org/ontology/developer> ?y }
?arg1 canonize in ?arg2 	SELECT ?x ?y { ?x <http://dbpedia.org/ontology/canonizedPlace> ?y }
located in ?arg2 	SELECT ?x ?y { ?x <http://dbpedia.org/ontology/region> ?y }
located in ?arg2 	SELECT ?x ?y { ?x <http://dbpedia.org/ontology/region> ?y }
?arg1 serve in ?arg2 	SELECT ?x ?y { ?x <http://dbpedia.org/ontology/militaryUnit> ?y }
?arg1 cover ?arg2 	SELECT ?x ?y { ?x <http://dbpedia.org/ontology/broadcastArea> ?y }
broadcasted in ?arg2 	SELECT ?x ?y { ?x <http://dbpedia.org/ontology/broadcastArea> ?y }
bridge over ?arg2 	SELECT ?x ?y { ?x <http://dbpedia.org/ontology/crosses> ?y }
?arg1 bridge ?arg2 	SELECT ?x ?y { ?x <http://dbpedia.org/ontology/crosses> ?y }
?arg1 cross ?arg2 	SELECT ?x ?y { ?x <http://dbpedia.org/ontology/crosses> ?y }
crossing 	SELECT ?x ?y { ?x <http://dbpedia.org/ontology/crosses> ?y }
?arg1 span ?arg2 	SELECT ?x ?y { ?x <http://dbpedia.org/ontology/crosses> ?y }
?arg1 traverse ?arg2 	SELECT ?x ?y { ?x <http://dbpedia.org/ontology/crosses> ?y }
situated in ?arg2 	SELECT ?x ?y { ?x <http://dbpedia.org/ontology/province> ?y }
located in ?arg2 	SELECT ?x ?y { ?x <http://dbpedia.org/ontology/province> ?y }
part of ?arg2 	SELECT ?x ?y { ?x <http://dbpedia.org/ontology/mountainRange> ?y }
track on ?arg1 	SELECT ?x ?y { ?x <http://dbpedia.org/ontology/album> ?y }
song on ?arg1 	SELECT ?x ?y { ?x <http://dbpedia.org/ontology/album> ?y }
rector 	SELECT ?x ?y { ?x <http://dbpedia.org/ontology/rector> ?y }
associated act 	SELECT ?x ?y { ?x <http://dbpedia.org/ontology/associatedMusicalArtist> ?y }
?arg2 operate ?arg1 	SELECT ?x ?y { ?x <http://dbpedia.org/ontology/operatedBy> ?y }
affiliated with ?arg2 	SELECT ?x ?y { ?x <http://dbpedia.org/ontology/affiliation> ?y }
affiliated to ?arg2 	SELECT ?x ?y { ?x <http://dbpedia.org/ontology/affiliation> ?y }
vice chancellor 	SELECT ?x ?y { ?x <http://dbpedia.org/ontology/viceChancellor> ?y }
?arg1 flow into ?arg2 	SELECT ?x ?y { ?x <http://dbpedia.org/ontology/riverMouth> ?y }
?arg1 run into ?arg2 	SELECT ?x ?y { ?x <http://dbpedia.org/ontology/riverMouth> ?y }
?arg1 study at ?arg2 	SELECT ?x ?y { ?x <http://dbpedia.org/ontology/university> ?y }
university 	SELECT ?x ?y { ?x <http://dbpedia.org/ontology/university> ?y }
?arg2 influence ?arg1 	SELECT ?x ?y { ?x <http://dbpedia.org/ontology/influencedBy> ?y }
?arg1 work on ?arg2 	SELECT ?x ?y { ?x <http://dbpedia.org/ontology/field> ?y }
field 	SELECT ?x ?y { ?x <http://dbpedia.org/ontology/field> ?y }
owner 	SELECT ?x ?y { ?x <http://dbpedia.org/ontology/owner> ?y }
?arg2 own ?arg1 	SELECT ?x ?y { ?x <http://dbpedia.org/ontology/owner> ?y }
part of ?arg2 	SELECT ?x ?y { ?x <http://dbpedia.org/ontology/isPartOfMilitaryConflict> ?y }
interpreter of ?arg1 	SELECT ?x ?y { ?x <http://dbpedia.org/ontology/musicalArtist> ?y }
?arg2 record ?arg1 	SELECT ?x ?y { ?x <http://dbpedia.org/ontology/musicalArtist> ?y }
?arg2 write ?arg1 	SELECT ?x ?y { ?x <http://dbpedia.org/ontology/musicalArtist> ?y }
?arg1 debut for ?arg2 	SELECT ?x ?y { ?x <http://dbpedia.org/ontology/debutTeam> ?y }
residence 	SELECT ?x ?y { ?x <http://dbpedia.org/ontology/residence> ?y }
?arg1 reside in ?arg2 	SELECT ?x ?y { ?x <http://dbpedia.org/ontology/residence> ?y }
?arg1 serve in ?arg2 	SELECT ?x ?y { ?x <http://dbpedia.org/ontology/militaryBranch> ?y }
?arg1 flow into ?arg2 	SELECT ?x ?y { ?x <http://dbpedia.org/ontology/mouthMountain> ?y }
?arg1 run into ?arg2 	SELECT ?x ?y { ?x <http://dbpedia.org/ontology/mouthMountain> ?y }
developed for ?arg2 	SELECT ?x ?y { ?x <http://dbpedia.org/ontology/computingPlatform> ?y }
ported to ?arg2 	SELECT ?x ?y { ?x <http://dbpedia.org/ontology/computingPlatform> ?y }
?arg1 create ?arg2 	SELECT ?x ?y { ?x <http://dbpedia.org/ontology/product> ?y }
product 	SELECT ?x ?y { ?x <http://dbpedia.org/ontology/product> ?y }
?arg1 develop ?arg2 	SELECT ?x ?y { ?x <http://dbpedia.org/ontology/product> ?y }
?arg1 produce ?arg2 	SELECT ?x ?y { ?x <http://dbpedia.org/ontology/product> ?y }
former band member of ?arg1 	SELECT ?x ?y { ?x <http://dbpedia.org/ontology/formerBandMember> ?y }
manufacturer 	SELECT ?x ?y { ?x <http://dbpedia.org/ontology/manufacturer> ?y }
?arg2 manufacture ?arg1 	SELECT ?x ?y { ?x <http://dbpedia.org/ontology/manufacturer> ?y }
?arg2 produce ?arg1 	SELECT ?x ?y { ?x <http://dbpedia.org/ontology/manufacturer> ?y }
written in ?arg2 	SELECT ?x ?y { ?x <http://dbpedia.org/ontology/language> ?y }
patron 	SELECT ?x ?y { ?x <http://dbpedia.org/ontology/patron> ?y }
patron saint 	SELECT ?x ?y { ?x <http://dbpedia.org/ontology/patron> ?y }
assembled in ?arg2 	SELECT ?x ?y { ?x <http://dbpedia.org/ontology/assembly> ?y }
running mate 	SELECT ?x ?y { ?x <http://dbpedia.org/ontology/runningMate> ?y }
located in ?arg2 	SELECT ?x ?y { ?x <http://dbpedia.org/ontology/locationCity> ?y }
?arg1 die in ?arg2 	SELECT ?x ?y { ?x <http://dbpedia.org/ontology/deathPlace> ?y }
place of death 	SELECT ?x ?y { ?x <http://dbpedia.org/ontology/deathPlace> ?y }
death place 	SELECT ?x ?y { ?x <http://dbpedia.org/ontology/deathPlace> ?y }
language 	SELECT ?x ?y { ?x <http://dbpedia.org/ontology/spokenIn> ?y }
spoken in ?arg2 	SELECT ?x ?y { ?x <http://dbpedia.org/ontology/spokenIn> ?y }
ethnicity 	SELECT ?x ?y { ?x <http://dbpedia.org/ontology/ethnicity> ?y }
located in ?arg2 	SELECT ?x ?y { ?x <http://dbpedia.org/ontology/country> ?y }
?arg2 edit ?arg1 	SELECT ?x ?y { ?x <http://dbpedia.org/ontology/editing> ?y }
wife 	SELECT ?x ?y { ?x <http://dbpedia.org/ontology/spouse> ?y }
spouse 	SELECT ?x ?y { ?x <http://dbpedia.org/ontology/spouse> ?y }
?arg1 marry to ?arg2 	SELECT ?x ?y { ?x <http://dbpedia.org/ontology/spouse> ?y }
?arg1 marry ?arg2 	SELECT ?x ?y { ?x <http://dbpedia.org/ontology/spouse> ?y }
husband 	SELECT ?x ?y { ?x <http://dbpedia.org/ontology/spouse> ?y }
located in ?arg2 	SELECT ?x ?y { ?x <http://dbpedia.org/ontology/city> ?y }
time zone 	SELECT ?x ?y { ?x <http://dbpedia.org/ontology/timeZone> ?y }
?arg1 come from ?arg2 	SELECT ?x ?y { ?x <http://dbpedia.org/ontology/hometown> ?y }
home town 	SELECT ?x ?y { ?x <http://dbpedia.org/ontology/hometown> ?y }
?arg1 live in ?arg2 	SELECT ?x ?y { ?x <http://dbpedia.org/ontology/populationPlace> ?y }
member 	SELECT ?x ?y { ?x <http://dbpedia.org/ontology/family> ?y }
?arg1 belong to ?arg2 	SELECT ?x ?y { ?x <http://dbpedia.org/ontology/family> ?y }
family 	SELECT ?x ?y { ?x <http://dbpedia.org/ontology/family> ?y }
?arg2 contain ?arg1 	SELECT ?x ?y { ?x <http://dbpedia.org/ontology/family> ?y }
?arg2 establish ?arg1 	SELECT ?x ?y { ?x <http://dbpedia.org/ontology/foundedBy> ?y }
?arg2 found ?arg1 	SELECT ?x ?y { ?x <http://dbpedia.org/ontology/foundedBy> ?y }
founder 	SELECT ?x ?y { ?x <http://dbpedia.org/ontology/foundedBy> ?y }
?arg2 record ?arg1 	SELECT ?x ?y { ?x <http://dbpedia.org/ontology/musicalBand> ?y }
?arg2 write ?arg1 	SELECT ?x ?y { ?x <http://dbpedia.org/ontology/musicalBand> ?y }
home of ?arg1 	SELECT ?x ?y { ?x <http://dbpedia.org/ontology/homeArena> ?y }
home stadium 	SELECT ?x ?y { ?x <http://dbpedia.org/ontology/homeArena> ?y }
home arena 	SELECT ?x ?y { ?x <http://dbpedia.org/ontology/homeArena> ?y }
?arg1 border ?arg2 	SELECT ?x ?y { ?x <http://dbpedia.org/ontology/border> ?y }
?arg1 cross ?arg2 	SELECT ?x ?y { ?x <http://dbpedia.org/ontology/routeJunction> ?y }
?arg1 intersect with ?arg2 	SELECT ?x ?y { ?x <http://dbpedia.org/ontology/routeJunction> ?y }
?arg2 take off from ?arg1 	SELECT ?x ?y { ?x <http://dbpedia.org/ontology/associatedRocket> ?y }
?arg2 blast off from ?arg1 	SELECT ?x ?y { ?x <http://dbpedia.org/ontology/associatedRocket> ?y }
?arg2 launch off from ?arg1 	SELECT ?x ?y { ?x <http://dbpedia.org/ontology/associatedRocket> ?y }
?arg1 found in ?arg2 	SELECT ?x ?y { ?x <http://dbpedia.org/ontology/foundationPlace> ?y }
foundation place 	SELECT ?x ?y { ?x <http://dbpedia.org/ontology/foundationPlace> ?y }
situated in ?arg2 	SELECT ?x ?y { ?x <http://dbpedia.org/ontology/department> ?y }
located in ?arg2 	SELECT ?x ?y { ?x <http://dbpedia.org/ontology/department> ?y }
part of ?arg1 	SELECT ?x ?y { ?x <http://dbpedia.org/ontology/intercommunality> ?y }
suburb of ?arg1 	SELECT ?x ?y { ?x <http://dbpedia.org/ontology/intercommunality> ?y }
?arg2 play in ?arg1 	SELECT ?x ?y { ?x <http://dbpedia.org/ontology/starring> ?y }
?arg1 feature ?arg2 	SELECT ?x ?y { ?x <http://dbpedia.org/ontology/starring> ?y }
?arg1 star ?arg2 	SELECT ?x ?y { ?x <http://dbpedia.org/ontology/starring> ?y }
part of ?arg2 	SELECT ?x ?y { ?x <http://dbpedia.org/ontology/broadcastNetwork> ?y }
?arg2 operate ?arg1 	SELECT ?x ?y { ?x <http://dbpedia.org/ontology/broadcastNetwork> ?y }
situated in ?arg2 	SELECT ?x ?y { ?x <http://dbpedia.org/ontology/arrondissement> ?y }
located in ?arg2 	SELECT ?x ?y { ?x <http://dbpedia.org/ontology/arrondissement> ?y }
situated in ?arg2 	SELECT ?x ?y { ?x <http://dbpedia.org/ontology/district> ?y }
located in ?arg2 	SELECT ?x ?y { ?x <http://dbpedia.org/ontology/district> ?y }
parent 	SELECT ?x ?y { ?x <http://dbpedia.org/ontology/parent> ?y }
child 	SELECT ?x ?y { ?x <http://dbpedia.org/ontology/parent> ?y }
?arg1 air on ?arg2 	SELECT ?x ?y { ?x <http://dbpedia.org/ontology/channel> ?y }
?arg1 run under ?arg2 	SELECT ?x ?y { ?x <http://dbpedia.org/ontology/operatingSystem> ?y }
member 	SELECT ?x ?y { ?x <http://dbpedia.org/ontology/class> ?y }
class 	SELECT ?x ?y { ?x <http://dbpedia.org/ontology/class> ?y }
?arg1 belong to ?arg2 	SELECT ?x ?y { ?x <http://dbpedia.org/ontology/class> ?y }
?arg2 contain ?arg1 	SELECT ?x ?y { ?x <http://dbpedia.org/ontology/class> ?y }
located in ?arg2 	SELECT ?x ?y { ?x <http://dbpedia.org/ontology/locatedInArea> ?y }
daughter company 	SELECT ?x ?y { ?x <http://dbpedia.org/ontology/parentCompany> ?y }
subsidiary 	SELECT ?x ?y { ?x <http://dbpedia.org/ontology/parentCompany> ?y }
parent company 	SELECT ?x ?y { ?x <http://dbpedia.org/ontology/parentCompany> ?y }
member 	SELECT ?x ?y { ?x <http://dbpedia.org/ontology/phylum> ?y }
phylum 	SELECT ?x ?y { ?x <http://dbpedia.org/ontology/phylum> ?y }
?arg1 belong to ?arg2 	SELECT ?x ?y { ?x <http://dbpedia.org/ontology/phylum> ?y }
?arg2 contain ?arg1 	SELECT ?x ?y { ?x <http://dbpedia.org/ontology/phylum> ?y }
highest mountain 	SELECT ?x ?y { ?x <http://dbpedia.org/ontology/highestMountain> ?y }
highest mountain in ?arg2 	SELECT ?x ?y { ?x <http://dbpedia.org/ontology/highestMountain> ?y }
daughter company 	SELECT ?x ?y { ?x <http://dbpedia.org/ontology/owningCompany> ?y }
subsidiary 	SELECT ?x ?y { ?x <http://dbpedia.org/ontology/owningCompany> ?y }
?arg2 own ?arg1 	SELECT ?x ?y { ?x <http://dbpedia.org/ontology/owningCompany> ?y }
parent company 	SELECT ?x ?y { ?x <http://dbpedia.org/ontology/owningCompany> ?y }
?arg1 influence ?arg2 	SELECT ?x ?y { ?x <http://dbpedia.org/ontology/influenced> ?y }
occupation 	SELECT ?x ?y { ?x <http://dbpedia.org/ontology/occupation> ?y }
?arg1 work as ?arg2 	SELECT ?x ?y { ?x <http://dbpedia.org/ontology/occupation> ?y }
?arg1 serve in ?arg2 	SELECT ?x ?y { ?x <http://dbpedia.org/ontology/battle> ?y }
?arg1 fight in ?arg2 	SELECT ?x ?y { ?x <http://dbpedia.org/ontology/battle> ?y }
?arg2 appear in ?arg1 	SELECT ?x ?y { ?x <http://dbpedia.org/ontology/guest> ?y }
?arg1 feature ?arg2 	SELECT ?x ?y { ?x <http://dbpedia.org/ontology/guest> ?y }
guest star in ?arg1 	SELECT ?x ?y { ?x <http://dbpedia.org/ontology/guest> ?y }
situated in ?arg2 	SELECT ?x ?y { ?x <http://dbpedia.org/ontology/county> ?y }
located in ?arg2 	SELECT ?x ?y { ?x <http://dbpedia.org/ontology/county> ?y }
profession 	SELECT ?x ?y { ?x <http://dbpedia.org/ontology/profession> ?y }
?arg1 work as ?arg2 	SELECT ?x ?y { ?x <http://dbpedia.org/ontology/profession> ?y }
distributor 	SELECT ?x ?y { ?x <http://dbpedia.org/ontology/distributor> ?y }
?arg2 distribute ?arg1 	SELECT ?x ?y { ?x <http://dbpedia.org/ontology/distributor> ?y }
former coach 	SELECT ?x ?y { ?x <http://dbpedia.org/ontology/formerCoach> ?y }
?arg1 use ?arg2 	SELECT ?x ?y { ?x <http://dbpedia.org/ontology/computingInput> ?y }
play ?arg1 with ?arg2 	SELECT ?x ?y { ?x <http://dbpedia.org/ontology/computingInput> ?y }
member 	SELECT ?x ?y { ?x <http://dbpedia.org/ontology/kingdom> ?y }
kingdom 	SELECT ?x ?y { ?x <http://dbpedia.org/ontology/kingdom> ?y }
?arg1 belong to ?arg2 	SELECT ?x ?y { ?x <http://dbpedia.org/ontology/kingdom> ?y }
?arg2 contain ?arg1 	SELECT ?x ?y { ?x <http://dbpedia.org/ontology/kingdom> ?y }
?arg1 preceed ?arg2 	SELECT ?x ?y { ?x <http://dbpedia.org/ontology/successor> ?y }
predecessor 	SELECT ?x ?y { ?x <http://dbpedia.org/ontology/successor> ?y }
successor 	SELECT ?x ?y { ?x <http://dbpedia.org/ontology/successor> ?y }
?arg2 succeed ?arg1 	SELECT ?x ?y { ?x <http://dbpedia.org/ontology/successor> ?y }
?arg2 establish ?arg1 	SELECT ?x ?y { ?x <http://dbpedia.org/ontology/foundingPerson> ?y }
?arg2 found ?arg1 	SELECT ?x ?y { ?x <http://dbpedia.org/ontology/foundingPerson> ?y }
founder 	SELECT ?x ?y { ?x <http://dbpedia.org/ontology/foundingPerson> ?y }
?arg2 design ?arg1 	SELECT ?x ?y { ?x <http://dbpedia.org/ontology/architect> ?y }
architect 	SELECT ?x ?y { ?x <http://dbpedia.org/ontology/architect> ?y }
?arg2 build ?arg1 	SELECT ?x ?y { ?x <http://dbpedia.org/ontology/architect> ?y }
buried in ?arg2 	SELECT ?x ?y { ?x <http://dbpedia.org/ontology/restingPlace> ?y }
resting place 	SELECT ?x ?y { ?x <http://dbpedia.org/ontology/restingPlace> ?y }
recorded in ?arg2 	SELECT ?x ?y { ?x <http://dbpedia.org/ontology/recordedIn> ?y }
associated act 	SELECT ?x ?y { ?x <http://dbpedia.org/ontology/associatedBand> ?y }
?arg2 publish ?arg1 	SELECT ?x ?y { ?x <http://dbpedia.org/ontology/publisher> ?y }
publisher 	SELECT ?x ?y { ?x <http://dbpedia.org/ontology/publisher> ?y }
relative 	SELECT ?x ?y { ?x <http://dbpedia.org/ontology/relative> ?y }
related to ?arg2 	SELECT ?x ?y { ?x <http://dbpedia.org/ontology/relative> ?y }
sequel 	SELECT ?x ?y { ?x <http://dbpedia.org/ontology/subsequentWork> ?y }
follow-up 	SELECT ?x ?y { ?x <http://dbpedia.org/ontology/subsequentWork> ?y }
based on ?arg2 	SELECT ?x ?y { ?x <http://dbpedia.org/ontology/relatedMeanOfTransportation> ?y }
?arg2 fuse into ?arg1 	SELECT ?x ?y { ?x <http://dbpedia.org/ontology/musicFusionGenre> ?y }
?arg2 name ?arg1 	SELECT ?x ?y { ?x <http://dbpedia.org/ontology/binomialAuthority> ?y }
?arg2 first describe ?arg1 	SELECT ?x ?y { ?x <http://dbpedia.org/ontology/binomialAuthority> ?y }
precursor of ?arg1 	SELECT ?x ?y { ?x <http://dbpedia.org/ontology/precursor> ?y }
?arg2 precede ?arg1 	SELECT ?x ?y { ?x <http://dbpedia.org/ontology/precursor> ?y }
?arg1 develop from ?arg2 	SELECT ?x ?y { ?x <http://dbpedia.org/ontology/precursor> ?y }
?arg1 belong 	SELECT ?x ?y { ?x <http://dbpedia.org/ontology/languageFamily> ?y }
language family 	SELECT ?x ?y { ?x <http://dbpedia.org/ontology/languageFamily> ?y }
based in ?arg2 	SELECT ?x ?y { ?x <http://dbpedia.org/ontology/headquarter> ?y }
released on ?arg2 	SELECT ?x ?y { ?x <http://dbpedia.org/ontology/computingMedia> ?y }
?arg2 write ?arg1 	SELECT ?x ?y { ?x <http://dbpedia.org/ontology/writer> ?y }
?arg2 author 	SELECT ?x ?y { ?x <http://dbpedia.org/ontology/writer> ?y }
writer of ?arg1 	SELECT ?x ?y { ?x <http://dbpedia.org/ontology/writer> ?y }
?arg1 attend ?arg2 	SELECT ?x ?y { ?x <http://dbpedia.org/ontology/college> ?y }
?arg1 play for ?arg2 	SELECT ?x ?y { ?x <http://dbpedia.org/ontology/college> ?y }
?arg1 graduate from ?arg2 	SELECT ?x ?y { ?x <http://dbpedia.org/ontology/college> ?y }
format 	SELECT ?x ?y { ?x <http://dbpedia.org/ontology/format> ?y }
licensed under ?arg2 	SELECT ?x ?y { ?x <http://dbpedia.org/ontology/license> ?y }
?arg1 play in ?arg2 	SELECT ?x ?y { ?x <http://dbpedia.org/ontology/league> ?y }
located in ?arg2 	SELECT ?x ?y { ?x <http://dbpedia.org/ontology/location> ?y }
member of ?arg1 	SELECT ?x ?y { ?x <http://dbpedia.org/ontology/bandMember> ?y }
?arg2 design ?arg1 	SELECT ?x ?y { ?x <http://dbpedia.org/ontology/designer> ?y }
?arg2 develop ?arg1 	SELECT ?x ?y { ?x <http://dbpedia.org/ontology/designer> ?y }
?arg2 create ?arg1 	SELECT ?x ?y { ?x <http://dbpedia.org/ontology/designer> ?y }
situated in ?arg2 	SELECT ?x ?y { ?x <http://dbpedia.org/ontology/state> ?y }
located in ?arg2 	SELECT ?x ?y { ?x <http://dbpedia.org/ontology/state> ?y }
genre 	SELECT ?x ?y { ?x <http://dbpedia.org/ontology/genre> ?y }
home of ?arg2 	SELECT ?x ?y { ?x <http://dbpedia.org/ontology/operator> ?y }
?arg1 flow into ?arg2 	SELECT ?x ?y { ?x <http://dbpedia.org/ontology/mouthPlace> ?y }
?arg1 run into ?arg2 	SELECT ?x ?y { ?x <http://dbpedia.org/ontology/mouthPlace> ?y }
aired on ?arg2 	SELECT ?x ?y { ?x <http://dbpedia.org/ontology/network> ?y }
broadcasted on ?arg2 	SELECT ?x ?y { ?x <http://dbpedia.org/ontology/network> ?y }
board member at ?arg1 	SELECT ?x ?y { ?x <http://dbpedia.org/ontology/board> ?y }
made of ?arg2 	SELECT ?x ?y { ?x <http://dbpedia.org/ontology/structuralSystem> ?y }
structural system of ?arg1 	SELECT ?x ?y { ?x <http://dbpedia.org/ontology/structuralSystem> ?y }
?arg2 build ?arg1 	SELECT ?x ?y { ?x <http://dbpedia.org/ontology/builder> ?y }
?arg1 operate in ?arg2 	SELECT ?x ?y { ?x <http://dbpedia.org/ontology/regionServed> ?y }
?arg2 play ?arg1 	SELECT ?x ?y { ?x <http://dbpedia.org/ontology/instrument> ?y }
instrument of ?arg1 	SELECT ?x ?y { ?x <http://dbpedia.org/ontology/instrument> ?y }
grandchild 	?x http://dbpedia.org/ontology/child ?v2 . ?v2 http://dbpedia.org/ontology/child ?y .
grandson 	SELECT ?x ?y { ?x <http://dbpedia.org/ontology/child_o_http://dbpedia.org/ontology/child_restrictedTo_range_Things_with_http://dbpedia.org/ontology/gender_p1_Male> ?y . ?y <http://www.w3.org/1999/02/22-rdf-syntax-ns#type> Things_with_onto_gender_p1_Male . }
?arg2 governor 	SELECT ?x ?y { ?x <http://dbpedia.org/ontology/leader_restrictedTo_range_Things_with_http://dbpedia.org/ontology/leaderTitle_p1_Governor> ?y . ?y <http://www.w3.org/1999/02/22-rdf-syntax-ns#type> Things_with_onto_leaderTitle_p1_Governor . }
?arg1 originate in ?arg2 	SELECT ?x ?y { ?x <http://dbpedia.org/ontology/origin_restrictedTo_domain_http://dbpedia.org/ontology/Stream> ?y . ?x <http://www.w3.org/1999/02/22-rdf-syntax-ns#type> onto_Stream . }
?arg1 manage ?arg2 	SELECT ?x ?y { ?x <http://dbpedia.org/ontology/team_restrictedTo_domain_http://dbpedia.org/ontology/SportsManager> ?y . ?x <http://www.w3.org/1999/02/22-rdf-syntax-ns#type> onto_SportsManager . }
team 	SELECT ?x ?y { ?x <http://dbpedia.org/ontology/team_restrictedTo_domain_http://dbpedia.org/ontology/SportsManager> ?y . ?x <http://www.w3.org/1999/02/22-rdf-syntax-ns#type> onto_SportsManager . }
?arg1 air until ?arg2 	SELECT ?x ?y { ?x <http://dbpedia.org/ontology/completionDate_restrictedTo_domain_http://dbpedia.org/ontology/TelevisionShow> ?y . ?x <http://www.w3.org/1999/02/22-rdf-syntax-ns#type> onto_TelevisionShow . }
home of ?arg1 	SELECT ?x ?y { ?x <http://dbpedia.org/ontology/ground_restrictedTo_domain_http://dbpedia.org/ontology/PopulatedPlace> ?y . ?x <http://www.w3.org/1999/02/22-rdf-syntax-ns#type> onto_PopulatedPlace . }
based in ?arg2 	SELECT ?x ?y { ?x <http://dbpedia.org/ontology/ground_restrictedTo_domain_http://dbpedia.org/ontology/PopulatedPlace> ?y . ?x <http://www.w3.org/1999/02/22-rdf-syntax-ns#type> onto_PopulatedPlace . }
son 	SELECT ?x ?y { ?x <http://dbpedia.org/ontology/child_restrictedTo_range_Things_with_http://dbpedia.org/ontology/gender_p1_Male> ?y . ?y <http://www.w3.org/1999/02/22-rdf-syntax-ns#type> Things_with_onto_gender_p1_Male . }
son 	SELECT ?x ?y { ?x <http://dbpedia.org/ontology/parent_restrictedTo_domain_Things_with_http://dbpedia.org/ontology/gender_p1_Male> ?y . ?x <http://www.w3.org/1999/02/22-rdf-syntax-ns#type> Things_with_onto_gender_p1_Male . }
episode of ?arg1 	SELECT ?x ?y { ?x <http://dbpedia.org/ontology/series_restrictedTo_domain_http://dbpedia.org/ontology/TelevisionEpisode> ?y . ?x <http://www.w3.org/1999/02/22-rdf-syntax-ns#type> onto_TelevisionEpisode . }
?arg2 play in ?arg1 	SELECT ?x ?y { ?x <http://dbpedia.org/ontology/tenant_restrictedTo_range_http://dbpedia.org/ontology/Organisation> ?y . ?y <http://www.w3.org/1999/02/22-rdf-syntax-ns#type> onto_Organisation . }
?arg1 play for ?arg2 	SELECT ?x ?y { ?x <http://dbpedia.org/ontology/team_restrictedTo_domain_http://dbpedia.org/ontology/SoccerPlayer_or_http://dbpedia.org/ontology/BaseballPlayer_or_http://dbpedia.org/ontology/IceHockeyPlayer_or_http://dbpedia.org/ontology/BasketballPlayer_or_http://dbpedia.org/ontology/AmericanFootballPlayer_or_http://dbpedia.org/ontology/GridironFootballPlayer_or_http://dbpedia.org/ontology/CanadianFootballPlayer_or_http://dbpedia.org/ontology/TennisPlayer_or_http://dbpedia.org/ontology/GolfPlayer_or_http://dbpedia.org/ontology/BadmintonPlayer_or_http://dbpedia.org/ontology/RugbyPlayer_or_http://dbpedia.org/ontology/PokerPlayer> ?y . ?x <http://www.w3.org/1999/02/22-rdf-syntax-ns#type> onto_SoccerPlayer_or_onto_BaseballPlayer_or_onto_IceHockeyPlayer_or_onto_BasketballPlayer_or_onto_AmericanFootballPlayer_or_onto_GridironFootballPlayer_or_onto_CanadianFootballPlayer_or_onto_TennisPlayer_or_onto_GolfPlayer_or_onto_BadmintonPlayer_or_onto_RugbyPlayer_or_onto_PokerPlayer . }
team 	SELECT ?x ?y { ?x <http://dbpedia.org/ontology/team_restrictedTo_domain_http://dbpedia.org/ontology/SoccerPlayer_or_http://dbpedia.org/ontology/BaseballPlayer_or_http://dbpedia.org/ontology/IceHockeyPlayer_or_http://dbpedia.org/ontology/BasketballPlayer_or_http://dbpedia.org/ontology/AmericanFootballPlayer_or_http://dbpedia.org/ontology/GridironFootballPlayer_or_http://dbpedia.org/ontology/CanadianFootballPlayer_or_http://dbpedia.org/ontology/TennisPlayer_or_http://dbpedia.org/ontology/GolfPlayer_or_http://dbpedia.org/ontology/BadmintonPlayer_or_http://dbpedia.org/ontology/RugbyPlayer_or_http://dbpedia.org/ontology/PokerPlayer> ?y . ?x <http://www.w3.org/1999/02/22-rdf-syntax-ns#type> onto_SoccerPlayer_or_onto_BaseballPlayer_or_onto_IceHockeyPlayer_or_onto_BasketballPlayer_or_onto_AmericanFootballPlayer_or_onto_GridironFootballPlayer_or_onto_CanadianFootballPlayer_or_onto_TennisPlayer_or_onto_GolfPlayer_or_onto_BadmintonPlayer_or_onto_RugbyPlayer_or_onto_PokerPlayer . }
father 	SELECT ?x ?y { ?x <http://dbpedia.org/ontology/parent_restrictedTo_range_Things_with_http://dbpedia.org/ontology/gender_p1_Male> ?y . ?y <http://www.w3.org/1999/02/22-rdf-syntax-ns#type> Things_with_onto_gender_p1_Male . }
father 	SELECT ?x ?y { ?x <http://dbpedia.org/ontology/child_restrictedTo_domain_Things_with_http://dbpedia.org/ontology/gender_p1_Male> ?y . ?x <http://www.w3.org/1999/02/22-rdf-syntax-ns#type> Things_with_onto_gender_p1_Male . }
?arg1 go to ?arg2 	SELECT ?x ?y { ?x <http://dbpedia.org/ontology/education_restrictedTo_range_http://dbpedia.org/ontology/EducationalInstitution> ?y . ?y <http://www.w3.org/1999/02/22-rdf-syntax-ns#type> onto_EducationalInstitution . }
record before ?arg2 	SELECT ?x ?y { ?x <http://dbpedia.org/ontology/previousWork_restrictedTo_domain_http://dbpedia.org/ontology/Album> ?y . ?x <http://www.w3.org/1999/02/22-rdf-syntax-ns#type> onto_Album . }
record after ?arg2 	SELECT ?x ?y { ?x <http://dbpedia.org/ontology/subsequentWork_restrictedTo_domain_http://dbpedia.org/ontology/Album> ?y . ?x <http://www.w3.org/1999/02/22-rdf-syntax-ns#type> onto_Album . }
?arg2 mayor 	SELECT ?x ?y { ?x <http://dbpedia.org/ontology/leader_restrictedTo_range_Things_with_http://dbpedia.org/ontology/leaderTitle_p1_Mayor> ?y . ?y <http://www.w3.org/1999/02/22-rdf-syntax-ns#type> Things_with_onto_leaderTitle_p1_Mayor . }
based in ?arg2 	SELECT ?x ?y { ?x <http://dbpedia.org/ontology/garrison_restrictedTo_domain_http://dbpedia.org/ontology/PopulatedPlace> ?y . ?x <http://www.w3.org/1999/02/22-rdf-syntax-ns#type> onto_PopulatedPlace . }
based at ?arg2 	SELECT ?x ?y { ?x <http://dbpedia.org/ontology/garrison_restrictedTo_domain_http://dbpedia.org/ontology/Building_or_http://dbpedia.org/ontology/Infrastructure> ?y . ?x <http://www.w3.org/1999/02/22-rdf-syntax-ns#type> onto_Building_or_onto_Infrastructure . }
?arg1 host ?arg2 	SELECT ?x ?y { ?x <http://dbpedia.org/ontology/tenant_restrictedTo_range_http://dbpedia.org/ontology/Event> ?y . ?y <http://www.w3.org/1999/02/22-rdf-syntax-ns#type> onto_Event . }
?arg1 make ?arg2 	SELECT ?x ?y { ?x <http://dbpedia.org/ontology/genre_restrictedTo_range_http://dbpedia.org/ontology/MusicGenre> ?y . ?y <http://www.w3.org/1999/02/22-rdf-syntax-ns#type> onto_MusicGenre . }
grandmother 	SELECT ?x ?y { ?x <http://dbpedia.org/ontology/child_o_http://dbpedia.org/ontology/child_restrictedTo_domain_Things_with_http://dbpedia.org/ontology/gender_p1_Female> ?y . ?x <http://www.w3.org/1999/02/22-rdf-syntax-ns#type> Things_with_onto_gender_p1_Female . }
interpreter of ?arg1 	SELECT ?x ?y { ?x <http://dbpedia.org/ontology/artist_restrictedTo_domain_http://dbpedia.org/ontology/Album_or_http://dbpedia.org/ontology/Song> ?y . ?x <http://www.w3.org/1999/02/22-rdf-syntax-ns#type> onto_Album_or_onto_Song . }
situated near ?arg2 	SELECT ?x ?y { ?x <http://dbpedia.org/ontology/closestCity> ?y }
located near ?arg2 	SELECT ?x ?y { ?x <http://dbpedia.org/ontology/closestCity> ?y }
team 	SELECT ?x ?y { ?x <http://dbpedia.org/ontology/team_restrictedTo_domain_http://dbpedia.org/ontology/Cyclist_or_http://dbpedia.org/ontology/FormulaOneRacer_or_http://dbpedia.org/ontology/NascarDriver> ?y . ?x <http://www.w3.org/1999/02/22-rdf-syntax-ns#type> onto_Cyclist_or_onto_FormulaOneRacer_or_onto_NascarDriver . }
?arg1 race for ?arg2 	SELECT ?x ?y { ?x <http://dbpedia.org/ontology/team_restrictedTo_domain_http://dbpedia.org/ontology/Cyclist_or_http://dbpedia.org/ontology/FormulaOneRacer_or_http://dbpedia.org/ontology/NascarDriver> ?y . ?x <http://www.w3.org/1999/02/22-rdf-syntax-ns#type> onto_Cyclist_or_onto_FormulaOneRacer_or_onto_NascarDriver . }
born in ?arg2 	?x http://dbpedia.org/ontology/birthPlace ?v24 . ?v24 http://dbpedia.org/ontology/country ?y .
?arg1 write ?arg2 	SELECT ?x ?y { ?x <http://dbpedia.org/ontology/genre_restrictedTo_domain_http://dbpedia.org/ontology/Writer> ?y . ?x <http://www.w3.org/1999/02/22-rdf-syntax-ns#type> onto_Writer . }
principal 	SELECT ?x ?y { ?x <http://dbpedia.org/ontology/rector_restrictedTo_domain_http://dbpedia.org/ontology/School> ?y . ?x <http://www.w3.org/1999/02/22-rdf-syntax-ns#type> onto_School . }
?arg1 come from ?arg2 	SELECT ?x ?y { ?x <http://dbpedia.org/ontology/nationality_restrictedTo_range_http://dbpedia.org/ontology/Place> ?y . ?y <http://www.w3.org/1999/02/22-rdf-syntax-ns#type> onto_Place . }
?arg1 begin at ?arg2 	SELECT ?x ?y { ?x <http://dbpedia.org/ontology/routeStart_restrictedTo_range_http://dbpedia.org/ontology/Road> ?y . ?y <http://www.w3.org/1999/02/22-rdf-syntax-ns#type> onto_Road . }
?arg1 begin in ?arg2 	SELECT ?x ?y { ?x <http://dbpedia.org/ontology/routeStart_restrictedTo_range_http://dbpedia.org/ontology/PopulatedPlace> ?y . ?y <http://www.w3.org/1999/02/22-rdf-syntax-ns#type> onto_PopulatedPlace . }
spin-off 	SELECT ?x ?y { ?x <http://dbpedia.org/ontology/related_restrictedTo_domain_http://dbpedia.org/ontology/TelevisionShow> ?y . ?x <http://www.w3.org/1999/02/22-rdf-syntax-ns#type> onto_TelevisionShow . }
?arg2 build ?arg1 	SELECT ?x ?y { ?x <http://dbpedia.org/ontology/company_restrictedTo_domain_http://dbpedia.org/ontology/Canal> ?y . ?x <http://www.w3.org/1999/02/22-rdf-syntax-ns#type> onto_Canal . }
sequel 	SELECT ?x ?y { ?x <http://dbpedia.org/ontology/subsequentWork_restrictedTo_domain_http://dbpedia.org/ontology/Book> ?y . ?x <http://www.w3.org/1999/02/22-rdf-syntax-ns#type> onto_Book . }
written after ?arg2 	SELECT ?x ?y { ?x <http://dbpedia.org/ontology/subsequentWork_restrictedTo_domain_http://dbpedia.org/ontology/Book> ?y . ?x <http://www.w3.org/1999/02/22-rdf-syntax-ns#type> onto_Book . }
written before ?arg2 	SELECT ?x ?y { ?x <http://dbpedia.org/ontology/previousWork_restrictedTo_domain_http://dbpedia.org/ontology/Book> ?y . ?x <http://www.w3.org/1999/02/22-rdf-syntax-ns#type> onto_Book . }
parent 	SELECT ?x ?y { ?x <http://dbpedia.org/ontology/child_restrictedTo_range_Things_with_http://dbpedia.org/ontology/gender_p1_Female> ?y . ?y <http://www.w3.org/1999/02/22-rdf-syntax-ns#type> Things_with_onto_gender_p1_Female . }
daughter 	SELECT ?x ?y { ?x <http://dbpedia.org/ontology/child_restrictedTo_range_Things_with_http://dbpedia.org/ontology/gender_p1_Female> ?y . ?y <http://www.w3.org/1999/02/22-rdf-syntax-ns#type> Things_with_onto_gender_p1_Female . }
parent 	SELECT ?x ?y { ?x <http://dbpedia.org/ontology/parent_restrictedTo_domain_Things_with_http://dbpedia.org/ontology/gender_p1_Female> ?y . ?x <http://www.w3.org/1999/02/22-rdf-syntax-ns#type> Things_with_onto_gender_p1_Female . }
daughter 	SELECT ?x ?y { ?x <http://dbpedia.org/ontology/parent_restrictedTo_domain_Things_with_http://dbpedia.org/ontology/gender_p1_Female> ?y . ?x <http://www.w3.org/1999/02/22-rdf-syntax-ns#type> Things_with_onto_gender_p1_Female . }
?arg2 shoot ?arg1 	SELECT ?x ?y { ?x <http://dbpedia.org/ontology/cinematographer> ?y }
?arg1 end in ?arg2 	SELECT ?x ?y { ?x <http://dbpedia.org/ontology/routeEnd_restrictedTo_range_http://dbpedia.org/ontology/PopulatedPlace> ?y . ?y <http://www.w3.org/1999/02/22-rdf-syntax-ns#type> onto_PopulatedPlace . }
?arg1 end at ?arg2 	SELECT ?x ?y { ?x <http://dbpedia.org/ontology/routeEnd_restrictedTo_range_http://dbpedia.org/ontology/Road> ?y . ?y <http://www.w3.org/1999/02/22-rdf-syntax-ns#type> onto_Road . }
magnitude 	SELECT ?x ?y { ?x <http://dbpedia.org/ontology/madgnitude> ?y }
home of ?arg1 	SELECT ?x ?y { ?x <http://dbpedia.org/ontology/ground_restrictedTo_domain_http://dbpedia.org/ontology/Stadium> ?y . ?x <http://www.w3.org/1999/02/22-rdf-syntax-ns#type> onto_Stadium . }
home stadium 	SELECT ?x ?y { ?x <http://dbpedia.org/ontology/ground_restrictedTo_domain_http://dbpedia.org/ontology/Stadium> ?y . ?x <http://www.w3.org/1999/02/22-rdf-syntax-ns#type> onto_Stadium . }
grandfather 	SELECT ?x ?y { ?x <http://dbpedia.org/ontology/child_o_http://dbpedia.org/ontology/child_restrictedTo_domain_Things_with_http://dbpedia.org/ontology/gender_p1_Male> ?y . ?x <http://www.w3.org/1999/02/22-rdf-syntax-ns#type> Things_with_onto_gender_p1_Male . }
related to ?arg2 	SELECT ?x ?y { ?x <http://dbpedia.org/ontology/related_restrictedTo_domain_http://dbpedia.org/ontology/EthnicGroup> ?y . ?x <http://www.w3.org/1999/02/22-rdf-syntax-ns#type> onto_EthnicGroup . }
?arg2 produce ?arg1 	SELECT ?x ?y { ?x <http://dbpedia.org/ontology/company_restrictedTo_domain_http://dbpedia.org/ontology/TelevisionShow> ?y . ?x <http://www.w3.org/1999/02/22-rdf-syntax-ns#type> onto_TelevisionShow . }
?arg2 own ?arg1 	SELECT ?x ?y { ?x <http://dbpedia.org/ontology/owningOrganization> ?y }
home country 	SELECT ?x ?y { ?x <http://dbpedia.org/ontology/nationality_restrictedTo_range_http://dbpedia.org/ontology/Country> ?y . ?y <http://www.w3.org/1999/02/22-rdf-syntax-ns#type> onto_Country . }
?arg2 president 	SELECT ?x ?y { ?x <http://dbpedia.org/ontology/leader_restrictedTo_range_Things_with_http://dbpedia.org/ontology/leaderTitle_p1_President> ?y . ?y <http://www.w3.org/1999/02/22-rdf-syntax-ns#type> Things_with_onto_leaderTitle_p1_President . }
home of ?arg2 	SELECT ?x ?y { ?x <http://dbpedia.org/ontology/operator_restrictedTo_domain_http://dbpedia.org/ontology/Infrastructure_or_http://dbpedia.org/ontology/MeanOfTransportation> ?y . ?x <http://www.w3.org/1999/02/22-rdf-syntax-ns#type> onto_Infrastructure_or_onto_MeanOfTransportation . }
?arg1 operate ?arg2 	SELECT ?x ?y { ?x <http://dbpedia.org/ontology/operator_restrictedTo_domain_http://dbpedia.org/ontology/Infrastructure_or_http://dbpedia.org/ontology/MeanOfTransportation> ?y . ?x <http://www.w3.org/1999/02/22-rdf-syntax-ns#type> onto_Infrastructure_or_onto_MeanOfTransportation . }
parent 	SELECT ?x ?y { ?x <http://dbpedia.org/ontology/child_restrictedTo_domain_Things_with_http://dbpedia.org/ontology/gender_p1_Female> ?y . ?x <http://www.w3.org/1999/02/22-rdf-syntax-ns#type> Things_with_onto_gender_p1_Female . }
mother 	SELECT ?x ?y { ?x <http://dbpedia.org/ontology/child_restrictedTo_domain_Things_with_http://dbpedia.org/ontology/gender_p1_Female> ?y . ?x <http://www.w3.org/1999/02/22-rdf-syntax-ns#type> Things_with_onto_gender_p1_Female . }
parent 	SELECT ?x ?y { ?x <http://dbpedia.org/ontology/parent_restrictedTo_range_Things_with_http://dbpedia.org/ontology/gender_p1_Female> ?y . ?y <http://www.w3.org/1999/02/22-rdf-syntax-ns#type> Things_with_onto_gender_p1_Female . }
mother 	SELECT ?x ?y { ?x <http://dbpedia.org/ontology/parent_restrictedTo_range_Things_with_http://dbpedia.org/ontology/gender_p1_Female> ?y . ?y <http://www.w3.org/1999/02/22-rdf-syntax-ns#type> Things_with_onto_gender_p1_Female . }
grandchild 	SELECT ?x ?y { ?x <http://dbpedia.org/ontology/child_o_http://dbpedia.org/ontology/child_restrictedTo_range_Things_with_http://dbpedia.org/ontology/gender_p1_Female> ?y . ?y <http://www.w3.org/1999/02/22-rdf-syntax-ns#type> Things_with_onto_gender_p1_Female . }
granddaughter 	SELECT ?x ?y { ?x <http://dbpedia.org/ontology/child_o_http://dbpedia.org/ontology/child_restrictedTo_range_Things_with_http://dbpedia.org/ontology/gender_p1_Female> ?y . ?y <http://www.w3.org/1999/02/22-rdf-syntax-ns#type> Things_with_onto_gender_p1_Female . }
